{
  "model": "gemma-4-e4b-it-OptiQ-4bit",
  "k": 20,
  "config": {
    "window": 8,
    "shoulderA": 0.02,
    "sM": 0.15,
    "targetGap": 15,
    "refGap": 4,
    "lw": 1000000,
    "xM": 0.77,
    "yM": 0.7,
    "xFloor": 0.45,
    "yFloor": 0.05,
    "p": 4
  },
  "gamma": 2.46,
  "refDiv": 0.6333071413347174,
  "refJunk": 0,
  "canMean": 0.0012987012987012987,
  "canMax": 0.025974025974025976,
  "broke": 1,
  "div": 0.619160697663867,
  "openJunk": 0
}