{
 "input_layernorm_l0_first16": [
  17.875,
  30.375,
  -0.00013828277587890625,
  16.125,
  -0.000022411346435546875,
  -0.091796875,
  -5.90625,
  -6.125,
  12.8125,
  5.21875,
  20.5,
  41.5,
  2.765625,
  0.000023365020751953125,
  15.3125,
  5.25
 ],
 "input_layernorm_l0_sum": 25412.373046875,
 "embed_dequant_rows4_first16": [
  0.0159912109375,
  -0.03759765625,
  0.01348876953125,
  -0.0181884765625,
  -0.005828857421875,
  0.0289306640625,
  -0.026611328125,
  0.00110626220703125,
  0.0244140625,
  0.0164794921875,
  0.007049560546875,
  0.0198974609375,
  -0.0087890625,
  0.02392578125,
  -0.052490234375,
  0.01104736328125
 ],
 "embed_dequant_rows4_sum": 5.577116966247559,
 "embed_dequant_shape": [
  4,
  3840
 ]
}