{
  "method": "orpo",
  "dataDir": "/Users/joshrossi/.cache/mlx-bun/eval-data/uf-cpm5",
  "iters": 5,
  "lr": 0.00001,
  "seq": 2048,
  "lambda": 0.1,
  "sched": "cosine",
  "train": [
    {
      "step": 1,
      "loss": 1.7492648363113403,
      "accuracy": 1,
      "margin": 0.04462018609046936
    }
  ],
  "val": [
    {
      "step": 5,
      "loss": 1.808608734176915,
      "accuracy": 0.5202702702702703,
      "margin": 0.10423767184083527
    }
  ]
}