phase,step,loss,accuracy,margin
train,1,1.7492648363113403,1,0.04462018609046936
val,5,1.808608734176915,0.5202702702702703,0.10423767184083527